﻿[
  {
    "nodes": [
      {
        "identity": -105,
        "labels": [
          "Condition"
        ],
        "properties": {
          "name": "Condition",
          "indexes": [
            "Id"
          ],
          "constraints": []
        },
        "elementId": "-105"
      },
      {
        "identity": -107,
        "labels": [
          "Allergy"
        ],
        "properties": {
          "name": "Allergy",
          "indexes": [
            "Id"
          ],
          "constraints": []
        },
        "elementId": "-107"
      },
      {
        "identity": -106,
        "labels": [
          "Immunization"
        ],
        "properties": {
          "name": "Immunization",
          "indexes": [
            "Id"
          ],
          "constraints": []
        },
        "elementId": "-106"
      },
      {
        "identity": -102,
        "labels": [
          "Observation"
        ],
        "properties": {
          "name": "Observation",
          "indexes": [
            "Id"
          ],
          "constraints": []
        },
        "elementId": "-102"
      },
      {
        "identity": -103,
        "labels": [
          "Medication"
        ],
        "properties": {
          "name": "Medication",
          "indexes": [
            "Id"
          ],
          "constraints": []
        },
        "elementId": "-103"
      },
      {
        "identity": -100,
        "labels": [
          "Patient"
        ],
        "properties": {
          "name": "Patient",
          "indexes": [
            "Id"
          ],
          "constraints": []
        },
        "elementId": "-100"
      },
      {
        "identity": -101,
        "labels": [
          "Encounter"
        ],
        "properties": {
          "name": "Encounter",
          "indexes": [
            "Id"
          ],
          "constraints": []
        },
        "elementId": "-101"
      },
      {
        "identity": -104,
        "labels": [
          "Procedure"
        ],
        "properties": {
          "name": "Procedure",
          "indexes": [
            "Id"
          ],
          "constraints": []
        },
        "elementId": "-104"
      },
      {
        "identity": -108,
        "labels": [
          "Careplan"
        ],
        "properties": {
          "name": "Careplan",
          "indexes": [
            "Id"
          ],
          "constraints": []
        },
        "elementId": "-108"
      }
    ],
    "relationships": [
      {
        "identity": -112,
        "start": -100,
        "end": -106,
        "type": "HAS_IMMUNIZATION",
        "properties": {
          "name": "HAS_IMMUNIZATION"
        },
        "elementId": "-112",
        "startNodeElementId": "-100",
        "endNodeElementId": "-106"
      },
      {
        "identity": -114,
        "start": -100,
        "end": -108,
        "type": "HAS_CAREPLAN",
        "properties": {
          "name": "HAS_CAREPLAN"
        },
        "elementId": "-114",
        "startNodeElementId": "-100",
        "endNodeElementId": "-108"
      },
      {
        "identity": -100,
        "start": -100,
        "end": -101,
        "type": "HAS_ENCOUNTER",
        "properties": {
          "name": "HAS_ENCOUNTER"
        },
        "elementId": "-100",
        "startNodeElementId": "-100",
        "endNodeElementId": "-101"
      },
      {
        "identity": -110,
        "start": -100,
        "end": -104,
        "type": "HAS_PROCEDURE",
        "properties": {
          "name": "HAS_PROCEDURE"
        },
        "elementId": "-110",
        "startNodeElementId": "-100",
        "endNodeElementId": "-104"
      },
      {
        "identity": -113,
        "start": -100,
        "end": -107,
        "type": "HAS_ALLERGY",
        "properties": {
          "name": "HAS_ALLERGY"
        },
        "elementId": "-113",
        "startNodeElementId": "-100",
        "endNodeElementId": "-107"
      },
      {
        "identity": -109,
        "start": -100,
        "end": -103,
        "type": "HAS_MEDICATION",
        "properties": {
          "name": "HAS_MEDICATION"
        },
        "elementId": "-109",
        "startNodeElementId": "-100",
        "endNodeElementId": "-103"
      },
      {
        "identity": -111,
        "start": -100,
        "end": -105,
        "type": "HAS_CONDITION",
        "properties": {
          "name": "HAS_CONDITION"
        },
        "elementId": "-111",
        "startNodeElementId": "-100",
        "endNodeElementId": "-105"
      },
      {
        "identity": -101,
        "start": -100,
        "end": -102,
        "type": "HAS_OBSERVATION",
        "properties": {
          "name": "HAS_OBSERVATION"
        },
        "elementId": "-101",
        "startNodeElementId": "-100",
        "endNodeElementId": "-102"
      },
      {
        "identity": -108,
        "start": -108,
        "end": -101,
        "type": "PART_OF_ENCOUNTER",
        "properties": {
          "name": "PART_OF_ENCOUNTER"
        },
        "elementId": "-108",
        "startNodeElementId": "-108",
        "endNodeElementId": "-101"
      },
      {
        "identity": -105,
        "start": -105,
        "end": -101,
        "type": "PART_OF_ENCOUNTER",
        "properties": {
          "name": "PART_OF_ENCOUNTER"
        },
        "elementId": "-105",
        "startNodeElementId": "-105",
        "endNodeElementId": "-101"
      },
      {
        "identity": -103,
        "start": -103,
        "end": -101,
        "type": "PART_OF_ENCOUNTER",
        "properties": {
          "name": "PART_OF_ENCOUNTER"
        },
        "elementId": "-103",
        "startNodeElementId": "-103",
        "endNodeElementId": "-101"
      },
      {
        "identity": -104,
        "start": -104,
        "end": -101,
        "type": "PART_OF_ENCOUNTER",
        "properties": {
          "name": "PART_OF_ENCOUNTER"
        },
        "elementId": "-104",
        "startNodeElementId": "-104",
        "endNodeElementId": "-101"
      },
      {
        "identity": -106,
        "start": -106,
        "end": -101,
        "type": "PART_OF_ENCOUNTER",
        "properties": {
          "name": "PART_OF_ENCOUNTER"
        },
        "elementId": "-106",
        "startNodeElementId": "-106",
        "endNodeElementId": "-101"
      },
      {
        "identity": -107,
        "start": -107,
        "end": -101,
        "type": "PART_OF_ENCOUNTER",
        "properties": {
          "name": "PART_OF_ENCOUNTER"
        },
        "elementId": "-107",
        "startNodeElementId": "-107",
        "endNodeElementId": "-101"
      },
      {
        "identity": -102,
        "start": -102,
        "end": -101,
        "type": "PART_OF_ENCOUNTER",
        "properties": {
          "name": "PART_OF_ENCOUNTER"
        },
        "elementId": "-102",
        "startNodeElementId": "-102",
        "endNodeElementId": "-101"
      }
    ]
  }
]